"","Axis.1","Axis.2","Habitat","TP"
"TP01L01",0.0265384109216475,0.0735937152340469,"Leaf",1
"TP01L02",0.0595306746171008,0.162881130337518,"Leaf",1
"TP01L11",0.0335079977590744,0.0963509141991912,"Leaf",1
"TP01L12",0.0368888754302291,0.121922615620958,"Leaf",1
"TP01L19",-0.185291086246216,-0.0607939590669001,"Leaf",1
"TP01L20",-0.167453877801138,-0.0952507202769912,"Leaf",1
"TP01R1",0.140004682527088,0.0236011348110336,"Root",1
"TP01R11",0.0847041536103106,0.0998887859045953,"Root",1
"TP01R12",0.155379139103344,0.0168739020362867,"Root",1
"TP01R19",0.163561068591981,-0.019064398065602,"Root",1
"TP01R2",0.185817445369004,0.0376544179850373,"Root",1
"TP01R20",0.124497091929338,0.0594844831439257,"Root",1
"TP01S1",0.247052244665428,-0.302890507944658,"Soil",1
"TP01S11",0.212065226505645,-0.320861865673433,"Soil",1
"TP01S12",0.225890760557012,-0.327303563902915,"Soil",1
"TP01S19",0.207896741797306,-0.307656659309053,"Soil",1
"TP01S2",0.244328248941197,-0.314853976926558,"Soil",1
"TP01S20",0.215111805516176,-0.298384268791291,"Soil",1
"TP01Z1",0.159394110558145,-0.136819597488256,"Rhizosphere",1
"TP01Z11",0.219735301638423,-0.183741076415712,"Rhizosphere",1
"TP01Z12",0.235778535257797,-0.137017829710965,"Rhizosphere",1
"TP01Z19",0.241865780245466,-0.152205105120213,"Rhizosphere",1
"TP01Z2",0.190307592091954,-0.1404594088667,"Rhizosphere",1
"TP01Z20",0.247083726709361,-0.195335789852511,"Rhizosphere",1
"TP02L01t",-0.32376347199241,-0.0937422096622501,"Leaf",2
"TP02L02",-0.386508446854877,-0.116038089447624,"Leaf",2
"TP02L11",-0.299931609117326,-0.132687081349313,"Leaf",2
"TP02L12",-0.145251390491359,0.015697937983587,"Leaf",2
"TP02L19",0.0414479011023589,0.172962633509948,"Leaf",2
"TP02L20t",-0.392470801814713,-0.0323670946932552,"Leaf",2
"TP02R1",0.159752951066773,-0.0797323925587951,"Root",2
"TP02R11t",0.212266771941991,-0.27546972765624,"Root",2
"TP02R12",0.230826214218949,-0.0902455607381079,"Root",2
"TP02R19",0.157841761246198,-0.0682798017750218,"Root",2
"TP02R2",-0.0389117551730414,0.0285357426387698,"Root",2
"TP02R20",0.198759445270409,-0.107694878093275,"Root",2
"TP02S1",0.222458281103753,-0.3230805553764,"Soil",2
"TP02S11",0.241908580715833,-0.284554882414135,"Soil",2
"TP02S12",0.228129040152919,-0.359993903000129,"Soil",2
"TP02S19",0.235305682311048,-0.351525729553026,"Soil",2
"TP02S2",0.233679821721713,-0.331172298399998,"Soil",2
"TP02S20",0.247847908861952,-0.31092042740724,"Soil",2
"TP02Z1",0.255858240501814,-0.158188496070483,"Rhizosphere",2
"TP02Z11",0.266647112141623,-0.279844540277223,"Rhizosphere",2
"TP02Z12",0.250126622534174,-0.284574233589977,"Rhizosphere",2
"TP02Z19",0.209053306035204,-0.264294968909217,"Rhizosphere",2
"TP02Z2",0.235352071222747,-0.222599314362013,"Rhizosphere",2
"TP02Z20",0.220388639947169,-0.241582394302329,"Rhizosphere",2
"TP03L01",-0.0180513139102291,0.0984369313411277,"Leaf",3
"TP03L02",-0.0504660543895796,0.13757372981404,"Leaf",3
"TP03L05",-0.40789297788543,-0.0403614390862326,"Leaf",3
"TP03L06",-0.147635183059864,0.0113409363785238,"Leaf",3
"TP03L11",-0.104914067767521,0.0608405808352807,"Leaf",3
"TP03L12",-0.437507395456027,-0.0484101238856533,"Leaf",3
"TP03L13t",0.0567246176999838,0.0723231625877172,"Leaf",3
"TP03L14",-0.0624043849937805,0.170526002436025,"Leaf",3
"TP03L17",-0.426597384927446,-0.0995704479472378,"Leaf",3
"TP03L18",-0.00696437516113889,0.0669735705471539,"Leaf",3
"TP03L19",-0.37298521292858,-0.139742444972699,"Leaf",3
"TP03L20",-0.319869822035869,-0.0312526930943506,"Leaf",3
"TP03R1",0.254100885584313,0.0349187307867894,"Root",3
"TP03R11",0.246772779194044,0.0426243538952693,"Root",3
"TP03R12",0.253818351590597,0.0891888355791852,"Root",3
"TP03R13",0.27609947962562,0.0656397747323128,"Root",3
"TP03R14",0.234640247383697,0.105021881758517,"Root",3
"TP03R17",0.23833941883591,-0.050468399787296,"Root",3
"TP03R18",0.257895604277722,0.0414396108854183,"Root",3
"TP03R19",0.132997198423511,0.124856612361592,"Root",3
"TP03R20",0.247368397489322,0.0232016651170441,"Root",3
"TP03R2r",0.249020376709268,0.0356672790227376,"Root",3
"TP03R5",0.25079892068665,0.052376532008738,"Root",3
"TP03R6",0.262192276132186,0.148349807377295,"Root",3
"TP03S1",0.241285392624459,-0.30706240479105,"Soil",3
"TP03S11",0.232427798547081,-0.305049097581897,"Soil",3
"TP03S12",0.229160893563621,-0.30010656330034,"Soil",3
"TP03S13",0.242160136085562,-0.293507130698305,"Soil",3
"TP03S14",0.226865290471968,-0.332616988758057,"Soil",3
"TP03S17",0.255868132865818,-0.299281038067736,"Soil",3
"TP03S18",0.260715492115851,-0.305657851845079,"Soil",3
"TP03S19",0.238868348011988,-0.280356036835914,"Soil",3
"TP03S2",0.251081057263587,-0.339598891182778,"Soil",3
"TP03S20",0.232748960523801,-0.29764874235233,"Soil",3
"TP03S5",0.235781398094038,-0.246943122682931,"Soil",3
"TP03S6",0.231334866479943,-0.342888302130993,"Soil",3
"TP03Z1",0.258252879787856,-0.102145556014373,"Rhizosphere",3
"TP03Z11",0.266525929654335,-0.134741112478599,"Rhizosphere",3
"TP03Z12",0.2269628829124,-0.0801184136930386,"Rhizosphere",3
"TP03Z13",0.267136755770713,-0.0855745861198366,"Rhizosphere",3
"TP03Z14",0.276883738999175,-0.161298054211488,"Rhizosphere",3
"TP03Z17",0.22939904212368,-0.158235174853949,"Rhizosphere",3
"TP03Z18",0.268451749649559,-0.170122027908965,"Rhizosphere",3
"TP03Z19",0.26328475543903,-0.200310299102664,"Rhizosphere",3
"TP03Z2",0.233256863165098,-0.139720205338516,"Rhizosphere",3
"TP03Z20",0.277279755771361,-0.172969809918797,"Rhizosphere",3
"TP03Z5",0.225589712469537,-0.141637164202204,"Rhizosphere",3
"TP03Z6",0.233442238353983,-0.112163390770797,"Rhizosphere",3
"TP04L01",-0.343626329951659,-0.10596681769911,"Leaf",4
"TP04L02",-0.138450899029798,0.115252839459261,"Leaf",4
"TP04L05",0.0466247893682694,0.187106357017629,"Leaf",4
"TP04L06",-0.101309437958793,0.110433459915419,"Leaf",4
"TP04L11",-0.107055184322554,0.141168995749954,"Leaf",4
"TP04L12",-0.447295465061691,-0.0781051476668114,"Leaf",4
"TP04L13",-0.322877542138452,-0.0708690755615795,"Leaf",4
"TP04L14",0.033360009687729,0.10813704523583,"Leaf",4
"TP04L17t",-0.411530935711012,-0.100099232748643,"Leaf",4
"TP04L18",0.0204893740877097,0.0797243310179123,"Leaf",4
"TP04L19",-0.0369890255148651,0.151813749433695,"Leaf",4
"TP04L20",-0.0779096683957457,0.101603632060308,"Leaf",4
"TP04R1",0.271222277648128,0.133979981784629,"Root",4
"TP04R11",0.27104734897312,0.0611957748557295,"Root",4
"TP04R12",0.266722799391433,0.206056063602182,"Root",4
"TP04R13",0.222028573446573,0.0964709878342559,"Root",4
"TP04R14",0.25822808965453,0.0950079091881791,"Root",4
"TP04R17",0.214081686254813,0.0392302132865247,"Root",4
"TP04R18",0.263501860170774,0.110576534938163,"Root",4
"TP04R19",0.302904946486711,0.141129134359302,"Root",4
"TP04R2",0.278662650824715,0.109049668024032,"Root",4
"TP04R20",0.283983393496486,0.135646864659104,"Root",4
"TP04R5",0.222749311456325,0.178554833729609,"Root",4
"TP04R6",0.237084603257022,0.127172268316659,"Root",4
"TP04S1",0.228181295436705,-0.289942550703701,"Soil",4
"TP04S11",0.257682835880965,-0.204906745346687,"Soil",4
"TP04S12",0.269164594293949,-0.242245662839826,"Soil",4
"TP04S13",0.252482560230674,-0.293514013349619,"Soil",4
"TP04S14",0.243746867514482,-0.343249194537785,"Soil",4
"TP04S17",0.241666111335749,-0.300584366533953,"Soil",4
"TP04S18",0.240540084158571,-0.272097911939299,"Soil",4
"TP04S19",0.212066172948173,-0.291469245566953,"Soil",4
"TP04S2",0.240343071849407,-0.303670264276656,"Soil",4
"TP04S20",0.263672251621911,-0.267222825137864,"Soil",4
"TP04S5",0.251000933645139,-0.338098902556507,"Soil",4
"TP04S6",0.244415766481993,-0.316908740934328,"Soil",4
"TP04Z1",0.223164296043483,-0.0257957572089424,"Rhizosphere",4
"TP04Z11",0.277582246963949,-0.14302690358387,"Rhizosphere",4
"TP04Z12",0.274021046191317,0.000555498434190766,"Rhizosphere",4
"TP04Z13",0.203961456392685,-0.0839659327124466,"Rhizosphere",4
"TP04Z14",0.237382625704467,-0.148159715447837,"Rhizosphere",4
"TP04Z17",0.20451292429674,-0.127639814526513,"Rhizosphere",4
"TP04Z18",0.233507137487915,-0.0753903240705899,"Rhizosphere",4
"TP04Z19",0.284743536423068,-0.159762796242741,"Rhizosphere",4
"TP04Z2",0.291596108902036,-0.095705761495786,"Rhizosphere",4
"TP04Z20",0.27374626141417,-0.0369128676189902,"Rhizosphere",4
"TP04Z5",0.199809548831428,-0.0718299477404398,"Rhizosphere",4
"TP04Z6",0.20579180896105,-0.103428724097713,"Rhizosphere",4
"TP05L01",-0.334347823453823,-0.032422346582943,"Leaf",5
"TP05L02",-0.040256313985923,0.115242178611861,"Leaf",5
"TP05L05",0.00673351030034605,0.0986337954362997,"Leaf",5
"TP05L06",-0.113319260281803,0.102715788766775,"Leaf",5
"TP05L11",0.0160679756809811,0.109391801126789,"Leaf",5
"TP05L12t",-0.460814560312068,-0.0964964626470241,"Leaf",5
"TP05L13",-0.00734521162503644,0.10825776247365,"Leaf",5
"TP05L14",-0.0897920281593047,0.0495202428836692,"Leaf",5
"TP05L17",-0.0536319456296788,0.103955864838946,"Leaf",5
"TP05L18",-0.0807692709060845,0.0754316625464154,"Leaf",5
"TP05L19",-0.00301545916085641,0.110760081596597,"Leaf",5
"TP05L20",0.0174721475607506,0.102853458024294,"Leaf",5
"TP05R1",0.243486695146418,0.128702980411225,"Root",5
"TP05R11",0.247726886579855,0.184012120001708,"Root",5
"TP05R12",0.26354048837879,0.18968587376388,"Root",5
"TP05R13",0.231622534643912,0.173814372041756,"Root",5
"TP05R14",0.233669862651453,0.0900276175486954,"Root",5
"TP05R17",0.216295985066153,0.0476622557480244,"Root",5
"TP05R18",0.196648471509138,0.15915726162974,"Root",5
"TP05R19",0.263314082726401,0.0907180179757941,"Root",5
"TP05R2",0.268522986993794,0.225012328676762,"Root",5
"TP05R20",0.25909705097477,0.227618397777974,"Root",5
"TP05R5",0.198087840123561,0.148305782525831,"Root",5
"TP05R6",0.244320716890223,0.143680701819301,"Root",5
"TP05S1",0.243503495147491,-0.313446242542071,"Soil",5
"TP05S11",0.2645675951834,-0.302245471408825,"Soil",5
"TP05S12",0.244264792897841,-0.305775439420548,"Soil",5
"TP05S13",0.239938416504372,-0.29632363990819,"Soil",5
"TP05S14a",0.0589228861480236,0.324117408928315,"Soil",5
"TP05S17",0.25026100796172,-0.29100360016917,"Soil",5
"TP05S18",0.239759470932296,-0.310708430488328,"Soil",5
"TP05S19",0.246332583090497,-0.296135053102466,"Soil",5
"TP05S2",0.246159958013097,-0.294798198081761,"Soil",5
"TP05S20",0.212545841028517,-0.305457531766183,"Soil",5
"TP05S5",0.253796610330153,-0.286038420898079,"Soil",5
"TP05S6",0.247132458727367,-0.27009653241127,"Soil",5
"TP05Z1",0.275944044537395,-0.0981060745848623,"Rhizosphere",5
"TP05Z11",0.257732547183165,-0.0881603841959072,"Rhizosphere",5
"TP05Z12",0.240424949202143,-0.0389295907253862,"Rhizosphere",5
"TP05Z13",0.223005619956628,-0.122956580484652,"Rhizosphere",5
"TP05Z14",0.180928298636629,-0.0535583610880703,"Rhizosphere",5
"TP05Z17",0.205749285283596,-0.0698078724825874,"Rhizosphere",5
"TP05Z18",0.181417459868735,-0.0303691649572746,"Rhizosphere",5
"TP05Z19",0.24470300690571,-0.185323289485215,"Rhizosphere",5
"TP05Z2",0.257364016795338,-0.0797025559133628,"Rhizosphere",5
"TP05Z20",0.246610021014549,-0.00133159064240648,"Rhizosphere",5
"TP05Z5",0.252354208780136,-0.215804892436425,"Rhizosphere",5
"TP05Z6",0.193363253472996,0.0233404857400025,"Rhizosphere",5
"TP06L1",-0.0365867453968844,0.180265737756639,"Leaf",6
"TP06L11",-0.0776015824014475,0.0250151079335713,"Leaf",6
"TP06L12",-0.0358464764373758,0.0908637862859099,"Leaf",6
"TP06L13",-0.0176043140646404,0.0369038587550918,"Leaf",6
"TP06L14",-0.103857658187631,0.0804696237378208,"Leaf",6
"TP06L17",-0.10862680511641,0.0369865563492764,"Leaf",6
"TP06L18",-0.0392880663946543,0.100763695543286,"Leaf",6
"TP06L19",-0.0986765969998647,0.130615180412356,"Leaf",6
"TP06L2",-0.139573260706272,0.119591255046494,"Leaf",6
"TP06L20",-0.415697300350666,-0.0384965097835102,"Leaf",6
"TP06L5",-0.0870307704561547,0.0859825265959466,"Leaf",6
"TP06L6",-0.0906393184947908,0.0902551581172635,"Leaf",6
"TP06R1",0.256248524633543,0.268953173393262,"Root",6
"TP06R11",0.243140864311288,0.298488272374973,"Root",6
"TP06R12",0.230921726753038,0.345880551109632,"Root",6
"TP06R13",0.252337941446447,0.188768511119896,"Root",6
"TP06R14",0.228112387148871,0.100357769021556,"Root",6
"TP06R17",0.218406587596123,0.0910737536948962,"Root",6
"TP06R18",0.237172920425566,0.16302492470431,"Root",6
"TP06R19",0.253784471743862,0.285114595898259,"Root",6
"TP06R2",0.249129944985465,0.300376212958814,"Root",6
"TP06R20",0.247483763312748,0.296353596652379,"Root",6
"TP06R5",0.235864166794158,0.170104217126849,"Root",6
"TP06R6",0.21118086285658,0.0829201521690852,"Root",6
"TP06S1",0.260416698368613,-0.199795962193484,"Soil",6
"TP06S11",0.239492076170465,-0.301713336610193,"Soil",6
"TP06S12",0.257005637228269,-0.26202138225253,"Soil",6
"TP06S13",0.246508728511026,-0.278699528850172,"Soil",6
"TP06S14",0.252022303725714,-0.263222691127767,"Soil",6
"TP06S17",0.249316716641331,-0.292416594142006,"Soil",6
"TP06S18",0.254952629331844,-0.316703202031169,"Soil",6
"TP06S19",0.237330690613057,-0.280748795610583,"Soil",6
"TP06S2",0.263394723065719,-0.230820733158911,"Soil",6
"TP06S20",0.26537459972009,-0.308867023994882,"Soil",6
"TP06S5",0.220129928067999,-0.268505207074538,"Soil",6
"TP06S6",0.254108487993955,-0.291991420617418,"Soil",6
"TP06Z1",0.272430354477929,-0.0286921735063204,"Rhizosphere",6
"TP06Z11",0.245660636273663,0.0205606718021476,"Rhizosphere",6
"TP06Z12",0.242196662392255,-0.00686304466055815,"Rhizosphere",6
"TP06Z13",0.214992076378272,-0.0414621766145906,"Rhizosphere",6
"TP06Z14",0.191731705675103,-0.0667223166754248,"Rhizosphere",6
"TP06Z17",0.191983910173872,-0.0262232442106725,"Rhizosphere",6
"TP06Z18",0.162172636638333,-0.00912179759867071,"Rhizosphere",6
"TP06Z19",0.254531204626379,-0.093520746674597,"Rhizosphere",6
"TP06Z2",0.250098997686867,-0.0827136529402459,"Rhizosphere",6
"TP06Z20",0.225736194939724,-0.105990793169526,"Rhizosphere",6
"TP06Z5",0.241637599095759,-0.0858237028791919,"Rhizosphere",6
"TP06Z6",0.167583632302268,-0.145188517553975,"Rhizosphere",6
"TP07L1",-0.24841448235922,0.0268843632457623,"Leaf",7
"TP07L11",-0.291142231759986,0.0549189149693076,"Leaf",7
"TP07L12",-0.381548088935256,-0.0186701573073854,"Leaf",7
"TP07L13",-0.270279441981885,-0.0387049439874872,"Leaf",7
"TP07L14",0.197952144292138,0.16078639744261,"Root",7
"TP07L17",-0.11317194033615,0.0629149186549263,"Leaf",7
"TP07L18",-0.123266873742058,0.118703314749231,"Leaf",7
"TP07L19",-0.0599480886392798,0.0946619929019444,"Leaf",7
"TP07L2",-0.357002862504695,-0.00267024036137691,"Leaf",7
"TP07L20",0.238662632287795,0.301225941196567,"Root",7
"TP07L5",-0.302845678030713,-0.00632309526619291,"Leaf",7
"TP07L6",-0.323302776756266,0.0259785884997595,"Leaf",7
"TP07R1",0.231445133680525,0.355583601901303,"Root",7
"TP07R11",0.246764798169204,0.314369805688317,"Root",7
"TP07R12",0.227291909069788,0.339311653435347,"Root",7
"TP07R13",0.225761188580687,0.130056884330726,"Root",7
"TP07R14r",-0.152243532689869,0.140229427638228,"Leaf",7
"TP07R17",0.165547924819987,0.0730212948920894,"Root",7
"TP07R18",0.207904224097976,0.193604634188127,"Root",7
"TP07R19",0.22422941972573,0.332315509791012,"Root",7
"TP07R2",0.244330995485905,0.311479797389408,"Root",7
"TP07R20t",-0.419442606903573,-0.0528527803444598,"Leaf",7
"TP07R5",0.214916426054457,0.236503409959301,"Root",7
"TP07R6",0.227265634100439,0.0823530107211103,"Root",7
"TP07S1",0.27453595356689,-0.225800819464658,"Soil",7
"TP07S11",0.265187657360296,-0.27830393421893,"Soil",7
"TP07S12",0.251617862702324,-0.261704449061941,"Soil",7
"TP07S13",0.270647829387821,-0.299694950936419,"Soil",7
"TP07S14",0.194191626479774,-0.164097884105161,"Soil",7
"TP07S17",0.245672313429426,-0.280835440348872,"Soil",7
"TP07S18",0.250873837175283,-0.278768606291277,"Soil",7
"TP07S19",0.257053789972853,-0.274588198261376,"Soil",7
"TP07S2",0.255582436768713,-0.218194769503698,"Soil",7
"TP07S20",0.265774936977972,-0.266050070674565,"Soil",7
"TP07S5",0.247994854189755,-0.240061364701414,"Soil",7
"TP07S6",0.268208743177429,-0.28394793010284,"Soil",7
"TP07Z1",0.283072079570758,-0.0107601546297953,"Rhizosphere",7
"TP07Z11",0.242085355812396,-0.00909241949549009,"Rhizosphere",7
"TP07Z12",0.252298930021022,0.0346607337327503,"Rhizosphere",7
"TP07Z13",0.249491867799728,-0.107383857623195,"Rhizosphere",7
"TP07Z14",0.225335195194391,-0.0421666814623909,"Rhizosphere",7
"TP07Z17",0.143163263493995,-0.0966969037509337,"Rhizosphere",7
"TP07Z18",0.206016722343242,-0.0182954870956925,"Rhizosphere",7
"TP07Z19",0.258591007909264,-0.0936283703894416,"Rhizosphere",7
"TP07Z2",0.267484203185633,-0.0712797022827539,"Rhizosphere",7
"TP07Z20",0.239862763856912,-0.00114643268204025,"Rhizosphere",7
"TP07Z5",0.184733585223475,0.045851060127823,"Rhizosphere",7
"TP07Z6",0.172111127793198,-0.136337911885486,"Rhizosphere",7
"TP08L01",-0.576678705902579,-0.0441325060735744,"Leaf",8
"TP08L02",-0.541261466832751,-0.0673467555657301,"Leaf",8
"TP08L03",-0.531710937733583,-0.061485196375604,"Leaf",8
"TP08L04",-0.470010801926443,-0.0060067780173179,"Leaf",8
"TP08L05",-0.514218560238363,-0.0427350928121974,"Leaf",8
"TP08L06",-0.466697615041724,-0.0513366981128075,"Leaf",8
"TP08L11",-0.410411865331817,-0.000134238136158346,"Leaf",8
"TP08L12",-0.496824492771935,0.00512333516340063,"Leaf",8
"TP08L13",-0.472411812298764,-0.0238470531998239,"Leaf",8
"TP08L14t",-0.502575606122816,-0.0610810446966703,"Leaf",8
"TP08L15",-0.499831388659764,-0.0833623579560933,"Leaf",8
"TP08L16",-0.386609231683689,0.0168794581605775,"Leaf",8
"TP08L17",-0.416003141836496,0.0045663396823312,"Leaf",8
"TP08L18t",-0.514515838360188,-0.064815266100059,"Leaf",8
"TP08L19",-0.466502734117446,-0.0324971690099451,"Leaf",8
"TP08L20t",-0.503818618097427,-0.0308063180670808,"Leaf",8
"TP08L21t",-0.534244595560088,-0.0596489930152144,"Leaf",8
"TP08L22",-0.392979319514958,-0.0155252880892314,"Leaf",8
"TP08R1",0.213289242880434,0.326961130352513,"Root",8
"TP08R11",0.21292619228449,0.313796627911064,"Root",8
"TP08R12",0.206691121013439,0.358810769573555,"Root",8
"TP08R13",0.230890486567944,0.180152188425991,"Root",8
"TP08R15",0.204077282729532,0.351550377927699,"Root",8
"TP08R16",0.205999505606052,0.335975493952199,"Root",8
"TP08R17",0.197720933416928,0.215452653090352,"Root",8
"TP08R18",0.149209738697631,0.125726588733615,"Root",8
"TP08R19",0.226555127825121,0.342045302254614,"Root",8
"TP08R2",0.231208774460192,0.35781571282173,"Root",8
"TP08R20",0.216426218592777,0.365336671415498,"Root",8
"TP08R21",0.199324145373481,0.391316442312661,"Root",8
"TP08R22",0.217360035974965,0.338575913267085,"Root",8
"TP08R3",0.209745364073115,0.356090675074679,"Root",8
"TP08R4",0.187132469234858,0.35823326831046,"Root",8
"TP08R5",0.199685318974491,0.275994570471841,"Root",8
"TP08R6",0.221750431101988,0.113807999925325,"Root",8
"TP08R6x",0.209371887882116,0.137864040289123,"Root",8
"TP08S1",0.252271339000407,-0.242954437143828,"Soil",8
"TP08S11",0.248302445141715,-0.261375473088133,"Soil",8
"TP08S12",0.234814272356561,-0.216876609377352,"Soil",8
"TP08S13",0.202115057434727,-0.202060982094637,"Soil",8
"TP08S14",0.228967260390125,-0.235079915714202,"Soil",8
"TP08S15",0.228684671553988,-0.285095760452239,"Soil",8
"TP08S16",0.219832697135265,-0.199161843996749,"Soil",8
"TP08S17",0.211399759140374,-0.184793577448798,"Soil",8
"TP08S18",0.229785713762221,-0.317219301633077,"Soil",8
"TP08S19",0.254708103539826,-0.263240332086558,"Soil",8
"TP08S2",0.239284479447482,-0.235264179095045,"Soil",8
"TP08S20",0.254641106303841,-0.248979871513854,"Soil",8
"TP08S21",0.240903576959346,-0.272354379102172,"Soil",8
"TP08S22",0.221798232699589,-0.0184599388398636,"Soil",8
"TP08S3",0.23135002999585,-0.25801609730835,"Soil",8
"TP08S4",0.208309614958857,-0.154195368031428,"Soil",8
"TP08S5",0.230834415402601,-0.297108127879512,"Soil",8
"TP08S6",0.246249236145014,-0.269588681850757,"Soil",8
"TP08Z1",0.229173573322738,-0.0706843217592642,"Rhizosphere",8
"TP08Z11",0.242046136177511,-0.0377142394248744,"Rhizosphere",8
"TP08Z12",0.204036408892371,0.0451685772890982,"Rhizosphere",8
"TP08Z13",0.184366690887215,0.00764610698832745,"Rhizosphere",8
"TP08Z14",0.153246543626194,-0.0756720211028419,"Rhizosphere",8
"TP08Z15",0.23553067502683,0.0781187499547602,"Rhizosphere",8
"TP08Z16",0.242828453558589,0.00264219665410714,"Rhizosphere",8
"TP08Z17",0.203416269984904,-0.0732588658689405,"Rhizosphere",8
"TP08Z18",0.212786402043535,-0.158055463527902,"Rhizosphere",8
"TP08Z19",0.228333145084494,-0.0373635041590741,"Rhizosphere",8
"TP08Z2",0.229630827221738,0.104030590723175,"Rhizosphere",8
"TP08Z20",0.214693195598888,0.0447760130708289,"Rhizosphere",8
"TP08Z21",0.236601748221568,-0.0828734681598828,"Rhizosphere",8
"TP08Z22",0.216433165743487,0.0492487836740627,"Rhizosphere",8
"TP08Z3",0.265133059654565,0.0324821824697197,"Rhizosphere",8
"TP08Z4",0.192200590790533,0.0656217326086459,"Rhizosphere",8
"TP08Z5",0.15316286101667,0.00175429818633294,"Rhizosphere",8
"TP08Z6",0.176812223439699,-0.0614674970319829,"Rhizosphere",8
"TP09L01",-0.563001848841624,-0.0362655027438228,"Leaf",9
"TP09L02",-0.527814470510488,-0.0115338534746849,"Leaf",9
"TP09L03",-0.539068455366152,0.0352568874197777,"Leaf",9
"TP09L04",-0.525908122250839,-0.0710274395817102,"Leaf",9
"TP09L05",-0.362625053914789,-0.0363178489480066,"Leaf",9
"TP09L06",-0.306390478119153,3.23739166323067e-05,"Leaf",9
"TP09L11",-0.569544283098002,-0.0415607058127558,"Leaf",9
"TP09L12",-0.555422129386131,-0.0540593799657689,"Leaf",9
"TP09L13",-0.362713627983996,0.0654918630985249,"Leaf",9
"TP09L14",-0.397764092713987,-0.021691090460309,"Leaf",9
"TP09L15",-0.559770990000767,-0.0576706661564654,"Leaf",9
"TP09L16",-0.494792661981987,-0.00844186911640965,"Leaf",9
"TP09L17",-0.439331161034042,-0.0401771593522907,"Leaf",9
"TP09L18",-0.492700772880652,0.0038679307221001,"Leaf",9
"TP09L19",-0.571312409744107,-0.0613231742904908,"Leaf",9
"TP09L20",-0.568096782707638,-0.0534009313595209,"Leaf",9
"TP09L21",-0.578336849719547,-0.0693182131072065,"Leaf",9
"TP09L22",-0.560715728918432,-0.0404741095099746,"Leaf",9
"TP09R1",0.215888082933387,0.365947757242257,"Root",9
"TP09R11",0.160315661106836,0.347566901670948,"Root",9
"TP09R12",0.179434592293484,0.373306547291159,"Root",9
"TP09R13",0.198394302373695,0.211460754757855,"Root",9
"TP09R14",0.189625579411638,0.140129732339098,"Root",9
"TP09R15",0.216734473113385,0.338202904145365,"Root",9
"TP09R16",0.206490990485916,0.377032358514521,"Root",9
"TP09R17",0.235998091792262,0.0550233385917888,"Root",9
"TP09R18",0.233222832269088,0.138732286934219,"Root",9
"TP09R19",0.21188844415536,0.329254042781466,"Root",9
"TP09R2",0.173244741192548,0.322214170177489,"Root",9
"TP09R20",0.199658175103066,0.377204300662003,"Root",9
"TP09R21",0.221201229020708,0.356837094394441,"Root",9
"TP09R22",0.193845363428858,0.381211434992119,"Root",9
"TP09R3",0.2084520138171,0.377542685709629,"Root",9
"TP09R4",0.181179610967522,0.33010997768119,"Root",9
"TP09R5",0.217073955632694,0.0906449701389412,"Root",9
"TP09R6",0.252057320133715,0.0852347718084709,"Root",9
"TP09S1",0.222035701729216,-0.284231311910782,"Soil",9
"TP09S11",0.235629834660984,-0.231584098877412,"Soil",9
"TP09S12",0.249378317353893,-0.288428359015883,"Soil",9
"TP09S13",0.232956430150897,-0.280175975805475,"Soil",9
"TP09S14",0.20168657390669,-0.289670049962667,"Soil",9
"TP09S15",0.239369945900417,-0.246196958461003,"Soil",9
"TP09S16",0.236249691715285,-0.195799701828882,"Soil",9
"TP09S17",0.253828869842027,-0.32324105764835,"Soil",9
"TP09S18",0.243718521515231,-0.320623249543079,"Soil",9
"TP09S19",0.231433533544436,-0.268588405236429,"Soil",9
"TP09S2",0.185783355520265,-0.245724958354843,"Soil",9
"TP09S20",0.208927272212158,-0.229416449561545,"Soil",9
"TP09S21",0.232970889230889,-0.284546816002962,"Soil",9
"TP09S22",0.219821573174832,-0.268658666093128,"Soil",9
"TP09S3",0.231115173205913,-0.184212240755364,"Soil",9
"TP09S4",0.24600971277966,-0.222688052281994,"Soil",9
"TP09S5",0.237003733773338,-0.244325177385322,"Soil",9
"TP09S6",0.172289851352083,-0.145926242741535,"Soil",9
"TP09Z1",0.258063860845321,-0.00552929373663718,"Rhizosphere",9
"TP09Z11",0.178126563947685,-0.0405329092194345,"Rhizosphere",9
"TP09Z12",0.186599966443052,0.110289106500455,"Rhizosphere",9
"TP09Z13",0.183872750761292,-0.0627104186700864,"Rhizosphere",9
"TP09Z14",0.215503109884959,-0.0676937969510724,"Rhizosphere",9
"TP09Z15",0.205122498008603,-0.0344150073283181,"Rhizosphere",9
"TP09Z16",0.232874610762392,0.11776638266551,"Rhizosphere",9
"TP09Z17",0.193767172072636,-0.222705045173216,"Rhizosphere",9
"TP09Z18",0.215997577422554,-0.144601555706572,"Rhizosphere",9
"TP09Z19",0.240504698547413,0.0188144930132584,"Rhizosphere",9
"TP09Z2",0.187238039523023,-0.0425176616738925,"Rhizosphere",9
"TP09Z20",0.260754835662481,-0.0234078928837602,"Rhizosphere",9
"TP09Z21",0.185192617547914,0.0743141124029008,"Rhizosphere",9
"TP09Z22",0.174860162000582,0.078068225131805,"Rhizosphere",9
"TP09Z3",0.210514619213078,0.0486381036398862,"Rhizosphere",9
"TP09Z4",0.155515518333425,0.0819426861741134,"Rhizosphere",9
"TP09Z5",0.232285742574261,-0.16252953531093,"Rhizosphere",9
"TP09Z6",0.104696274125627,0.108924412225032,"Rhizosphere",9
"TP0S1",0.228225817589909,-0.345800941318464,"Soil",0
"TP0S11",0.186232411194968,-0.323220176325489,"Soil",0
"TP0S12",0.218806795396243,-0.333650068082983,"Soil",0
"TP0S13",0.218940493645612,-0.316478581916078,"Soil",0
"TP0S14",0.237534804680866,-0.290870761913366,"Soil",0
"TP0S15",0.223092213755856,-0.338144312646466,"Soil",0
"TP0S16",0.208131210061293,-0.324500171076942,"Soil",0
"TP0S17",0.225869292416313,-0.324198337554295,"Soil",0
"TP0S18",0.246572668247182,-0.321574838363645,"Soil",0
"TP0S19",0.207729799539037,-0.346157047444165,"Soil",0
"TP0S2",0.199836512889299,-0.324551654317362,"Soil",0
"TP0S20",0.208900466665346,-0.371348673283065,"Soil",0
"TP0S21",0.203466653683513,-0.31848622773974,"Soil",0
"TP0S22",0.198884613251985,-0.346194775910472,"Soil",0
"TP0S3",0.200912456474034,-0.321947425680976,"Soil",0
"TP0S4",0.201280283298558,-0.305693396190846,"Soil",0
"TP0S5",0.214928024336555,-0.303150213823651,"Soil",0
"TP0S6",0.228347860744002,-0.278317028392439,"Soil",0
"TP10L01",-0.518859534358754,0.013117290886874,"Leaf",10
"TP10L02",-0.509891541137806,-0.0523584971251219,"Leaf",10
"TP10L03",-0.522702817027225,-0.0266195959432202,"Leaf",10
"TP10L04",-0.605807073206104,-0.0650328649069018,"Leaf",10
"TP10L05",-0.538257479927904,-0.0383762790266333,"Leaf",10
"TP10L06",-0.507348637332662,-0.0495421643237119,"Leaf",10
"TP10L11",-0.561647036895456,-0.0417357201162368,"Leaf",10
"TP10L12",-0.5986011982067,-0.0677889996809292,"Leaf",10
"TP10L13",-0.577290634467886,-0.0624186552021694,"Leaf",10
"TP10L14",-0.376386696712503,-0.0069752019832198,"Leaf",10
"TP10L15",-0.549318534758729,-0.0094310350880893,"Leaf",10
"TP10L16",-0.538805052898918,-0.0169577405029955,"Leaf",10
"TP10L17",-0.359442279816411,0.00565410757821586,"Leaf",10
"TP10L18",-0.578902679101439,-0.0601072916324649,"Leaf",10
"TP10L19",-0.581834173573816,-0.041841163601072,"Leaf",10
"TP10L20",-0.605899310118927,-0.063694762760114,"Leaf",10
"TP10L21",-0.584227575941291,-0.06216490960773,"Leaf",10
"TP10L22",-0.597093255462351,-0.0622453207941205,"Leaf",10
"TP10R1",0.205154719673164,0.352420692339398,"Root",10
"TP10R11",0.184337247173034,0.315015209395949,"Root",10
"TP10R12",0.207543473314997,0.348885809798286,"Root",10
"TP10R13",0.232849803499971,0.213590636764681,"Root",10
"TP10R14",0.199329337130324,0.143030550744394,"Root",10
"TP10R15",0.240447710172753,0.332245510626594,"Root",10
"TP10R16",0.207594410383826,0.325227424246425,"Root",10
"TP10R17",0.23414205533675,0.168543019144976,"Root",10
"TP10R18",0.218511252289478,0.28003243595926,"Root",10
"TP10R19",0.212044207897319,0.286834271776392,"Root",10
"TP10R2",0.237740278553044,0.334873445245465,"Root",10
"TP10R20",0.205648416111364,0.323279901661878,"Root",10
"TP10R21",0.178661212959247,0.301071905764366,"Root",10
"TP10R22",0.166886909932844,0.336243646237769,"Root",10
"TP10R3",0.22510408114526,0.353364696494326,"Root",10
"TP10R4",0.196971779499705,0.327640388953164,"Root",10
"TP10R5",0.230006284806074,0.23162012364411,"Root",10
"TP10R6",0.203950739519759,0.141747214188206,"Root",10
"TP10S1",0.229206774439262,-0.187089555320552,"Soil",10
"TP10S11",0.13288019111049,-0.291299127994929,"Soil",10
"TP10S12",0.174549541335366,-0.21652570031708,"Soil",10
"TP10S13",0.230765237176716,-0.254522645436236,"Soil",10
"TP10S14",0.233620072705026,-0.276552138956337,"Soil",10
"TP10S15",0.243860309770669,-0.230960765807456,"Soil",10
"TP10S16",0.221324059149001,-0.147262247164857,"Soil",10
"TP10S17",0.226128519797474,-0.207276216123272,"Soil",10
"TP10S18",0.227302798239418,-0.251876097065513,"Soil",10
"TP10S19",0.245347840908378,-0.193354842301713,"Soil",10
"TP10S2",0.166302531583149,-0.191973305384584,"Soil",10
"TP10S20",0.206727709387151,-0.234498153860535,"Soil",10
"TP10S21",0.252927935815982,-0.250801174123499,"Soil",10
"TP10S22",0.234737354256273,-0.240938480237752,"Soil",10
"TP10S3",0.218653340642045,-0.265822584290342,"Soil",10
"TP10S4",0.220287642830474,-0.284027164152865,"Soil",10
"TP10S5",0.254136597389711,-0.229148516703184,"Soil",10
"TP10S6",0.221796155961679,-0.254030870437831,"Soil",10
"TP10Z1",0.205669353712961,0.0473882803617287,"Rhizosphere",10
"TP10Z11",0.0894809627090386,0.0418911962276769,"Rhizosphere",10
"TP10Z12",0.145416463257646,0.210248411199702,"Rhizosphere",10
"TP10Z13",0.231687042180973,0.0412227602619225,"Rhizosphere",10
"TP10Z14",0.240850328798957,-0.0165243346561126,"Rhizosphere",10
"TP10Z15p",0.211447277807256,0.0537449722161443,"Rhizosphere",10
"TP10Z16p",0.167659534787849,0.0770047450880849,"Rhizosphere",10
"TP10Z17p",0.216683236572401,-0.0226762145775887,"Rhizosphere",10
"TP10Z18",0.206969168930886,-0.0262503703522241,"Rhizosphere",10
"TP10Z19",0.161479114113135,0.116335921052896,"Rhizosphere",10
"TP10Z2",0.19140947648058,0.0146382816539766,"Rhizosphere",10
"TP10Z20",0.135786144524068,0.0878239994760832,"Rhizosphere",10
"TP10Z21",0.206672282845988,0.121711974473888,"Rhizosphere",10
"TP10Z22",0.0604433910344635,0.127881762561687,"Rhizosphere",10
"TP10Z3",0.2173621821282,0.0986087265840002,"Rhizosphere",10
"TP10Z4",0.184100492602328,0.13597647670209,"Rhizosphere",10
"TP10Z5",0.213114541659447,-0.0225833105884319,"Rhizosphere",10
"TP10Z6",0.249250619412365,-0.106605676429179,"Rhizosphere",10
"TP11L01p",-0.446528900748326,-0.118820296728623,"Leaf",11
"TP11L02p",-0.527068360126641,-0.0831695840192387,"Leaf",11
"TP11L03p",-0.124579529537633,-0.248471334538749,"Leaf",11
"TP11L04",-0.606752605616079,-0.0604555524449355,"Leaf",11
"TP11L05",-0.491680213946415,-0.0137902274952473,"Leaf",11
"TP11L06",-0.249683882932192,0.120581291746628,"Leaf",11
"TP11L11",-0.594993170011245,-0.0559738306441759,"Leaf",11
"TP11L12",-0.60131220124643,-0.0617004845067435,"Leaf",11
"TP11L13",-0.471022665647971,0.0315953169201645,"Leaf",11
"TP11L14",-0.385861791396752,0.0358417771475274,"Leaf",11
"TP11L15",-0.564881657715226,-0.0450730241201229,"Leaf",11
"TP11L16",-0.319452171992678,-0.0935657006611969,"Leaf",11
"TP11L17",-0.425732676138116,0.0558634726675004,"Leaf",11
"TP11L18",-0.436201763661364,0.00826069323252555,"Leaf",11
"TP11L19",-0.596282826152492,-0.0575004783992116,"Leaf",11
"TP11L20",-0.612906802624981,-0.0552788794965862,"Leaf",11
"TP11L21",-0.629167280011284,-0.0560583826119703,"Leaf",11
"TP11L22",-0.593238256690452,-0.035628935219292,"Leaf",11
"TP11R01z",0.193396263427683,0.337175921778359,"Root",11
"TP11R02z",0.177895757507769,0.370454159718991,"Root",11
"TP11R03z",0.179308023278584,0.334938098869736,"Root",11
"TP11R11",0.167695151639196,0.345766745799926,"Root",11
"TP11R12",0.157604011076359,0.337901503367843,"Root",11
"TP11R13",0.186907548600868,0.287681968029572,"Root",11
"TP11R14",0.207823748579787,0.272176421961907,"Root",11
"TP11R15",0.18779422707979,0.336042432717489,"Root",11
"TP11R16",0.170045962452841,0.293826584358361,"Root",11
"TP11R17",0.219144677538772,0.270638516715194,"Root",11
"TP11R18",0.1619977577613,0.261300816912833,"Root",11
"TP11R19",0.124622290196929,0.342363035244888,"Root",11
"TP11R20",0.114639665452657,0.329909968993676,"Root",11
"TP11R21",0.197326413298427,0.337549382974644,"Root",11
"TP11R22z",0.215877029281723,0.377155272473146,"Root",11
"TP11R4",0.128981477244311,0.34799090997416,"Root",11
"TP11R5t",0.164163534078986,0.296628113892407,"Root",11
"TP11R6",0.156960587064805,0.237395573009707,"Root",11
"TP11S1",0.189626080373037,-0.183134020389991,"Soil",11
"TP11S11",0.188689409911462,-0.267704442887333,"Soil",11
"TP11S12",-0.106390373084838,-0.128969511512962,"Soil",11
"TP11S13",0.184597491903219,-0.210865156609153,"Soil",11
"TP11S14",0.218588048643499,-0.225917532882442,"Soil",11
"TP11S15",0.225577818659956,-0.225769324457915,"Soil",11
"TP11S16",0.222240826483208,-0.251636956558043,"Soil",11
"TP11S17",0.228932410895172,-0.228153432361192,"Soil",11
"TP11S18",0.201107085810354,-0.278722667156942,"Soil",11
"TP11S19",0.196393381845688,-0.283423997379381,"Soil",11
"TP11S2",0.225915839324669,-0.19315504636451,"Soil",11
"TP11S20",0.0898799733277276,-0.188820007876702,"Soil",11
"TP11S21",0.21119175841788,-0.2365253015775,"Soil",11
"TP11S22",0.215018229913979,-0.253255222046786,"Soil",11
"TP11S3",0.201069359940091,-0.197663660213002,"Soil",11
"TP11S4",0.192717147189652,-0.189116241577347,"Soil",11
"TP11S5",0.248383721098301,-0.258567106607908,"Soil",11
"TP11S6",0.183036001084776,-0.197040830448133,"Soil",11
"TP11Z1",0.132489997932855,0.133164050799947,"Rhizosphere",11
"TP11Z11",0.0284128935009013,0.14022605366928,"Rhizosphere",11
"TP11Z12",-0.0653601281104482,0.136536651639971,"Rhizosphere",11
"TP11Z13",0.00454976992100109,-0.00324309146077622,"Rhizosphere",11
"TP11Z14",0.12309292175566,0.0561805078957566,"Rhizosphere",11
"TP11Z15",0.147552746673901,0.14699733860311,"Rhizosphere",11
"TP11Z16",0.0791049001173737,0.172053475459067,"Rhizosphere",11
"TP11Z17",0.179791422212625,0.124420126265897,"Rhizosphere",11
"TP11Z18",0.114848011121845,0.0369210423414538,"Rhizosphere",11
"TP11Z19",0.0262781980981068,0.110768732017352,"Rhizosphere",11
"TP11Z2",0.0543059563457957,0.110490497311598,"Rhizosphere",11
"TP11Z20",-0.0109950404396773,0.173928738485423,"Rhizosphere",11
"TP11Z21a",0.0311551211969369,0.109707437197473,"Rhizosphere",11
"TP11Z22",0.178914583454858,0.211223449435008,"Rhizosphere",11
"TP11Z3",0.198299222057187,0.195307697788705,"Rhizosphere",11
"TP11Z4",0.169007509063788,0.144673380785966,"Rhizosphere",11
"TP11Z5",0.124225967050026,-0.00502147048620961,"Rhizosphere",11
"TP11Z6",0.118528597775079,-0.0547533308457828,"Rhizosphere",11
"TP12L01",-0.588074956479574,-0.0673105774253551,"Leaf",12
"TP12L02",-0.602342937478688,-0.0266944716312536,"Leaf",12
"TP12L03",-0.54735093986444,-0.0120021303532927,"Leaf",12
"TP12L04",-0.619425733894823,-0.0505376828890921,"Leaf",12
"TP12L05",-0.563005625151531,-0.0413398732500743,"Leaf",12
"TP12L06",-0.565676133495874,-0.0409595993222543,"Leaf",12
"TP12L11",-0.588695217060961,-0.0433320128304935,"Leaf",12
"TP12L12",-0.634183098982754,-0.0557939779893023,"Leaf",12
"TP12L13",-0.534726649357355,0.0391804202364364,"Leaf",12
"TP12L14",-0.568755508677978,-0.00855163758944174,"Leaf",12
"TP12L15",-0.61896337452875,-0.0687180891889773,"Leaf",12
"TP12L16",-0.612195357831994,-0.0852938253552138,"Leaf",12
"TP12L17",-0.552810594467524,-0.0662230760817787,"Leaf",12
"Tp12L18",-0.581413586952461,-0.0720934765934957,"Leaf",12
"TP12L19",-0.614211876511715,-0.0368258972893547,"Leaf",12
"TP12L20",-0.614297140707754,-0.0610592002973858,"Leaf",12
"TP12L21",-0.604729867278199,-0.0735762897178003,"Leaf",12
"TP12L22",-0.638527652059849,-0.0616756173743745,"Leaf",12
"TP12R1",0.101245665681977,0.312647331979079,"Root",12
"TP12R11",0.082119853849072,0.316757412118054,"Root",12
"TP12R12",0.0460572092893551,0.321817447083859,"Root",12
"TP12R13",0.18266942988336,0.311131645422798,"Root",12
"TP12R14",0.176440025378527,0.278608610984385,"Root",12
"TP12R15",0.167057907326584,0.383218380037282,"Root",12
"TP12R16",0.190523569267383,0.328408559615466,"Root",12
"TP12R17",0.125778563243807,0.287314217870395,"Root",12
"TP12R18",0.0825276332036449,0.270783758943839,"Root",12
"TP12R19",0.0973833000592431,0.342545211108511,"Root",12
"TP12R2",-0.0419190585039639,0.304188166914963,"Root",12
"TP12R20",0.135436243686591,0.385665369378031,"Root",12
"TP12R21",0.128832402157706,0.336135576079082,"Root",12
"TP12R22",0.138316896799731,0.409194863530843,"Root",12
"TP12R3",0.199378136044397,0.344119193462285,"Root",12
"TP12R4",0.160475183206053,0.322560278082834,"Root",12
"TP12R5",0.158300401148694,0.296712719920239,"Root",12
"TP12R6",-0.00618253406308884,0.238765833991402,"Root",12
"TP12S1",0.0767448259856499,-0.194527881492348,"Soil",12
"TP12S11",0.142752034934148,-0.290525026074922,"Soil",12
"TP12S12",0.188967877510811,-0.210695084416657,"Soil",12
"TP12S13",0.174106522450215,-0.121198993878336,"Soil",12
"TP12S14",0.216766516420472,-0.277313813050022,"Soil",12
"TP12S15",0.251891801241188,-0.153035132910004,"Soil",12
"TP12S16",0.223936304267261,-0.163601719925677,"Soil",12
"TP12S17",0.189411463652588,-0.229543993789585,"Soil",12
"TP12S18",0.249705662696464,-0.152658932614479,"Soil",12
"TP12S19",0.197692577977032,-0.271157995653021,"Soil",12
"TP12S2",0.156510426511155,-0.20965788285881,"Soil",12
"TP12S20",0.103166758138891,-0.199734465889741,"Soil",12
"TP12S21",0.156831869239392,-0.27041918009056,"Soil",12
"TP12S22",0.0866138732068304,-0.224920396429079,"Soil",12
"TP12S3",0.183271991537313,-0.184149456210601,"Soil",12
"TP12S4",0.167422646470359,-0.170897777720913,"Soil",12
"TP12S5",0.21931612290979,-0.202142020092946,"Soil",12
"TP12S6",0.214526356053953,-0.234507269180124,"Soil",12
"TP12Z1",-0.0266425851904552,0.121610077179845,"Rhizosphere",12
"TP12Z11",-0.0536377549249303,-0.048719933352726,"Rhizosphere",12
"TP12Z12",-0.0975584585640956,0.110151512599851,"Rhizosphere",12
"TP12Z13",0.0470737107468172,0.0919713124167757,"Rhizosphere",12
"TP12Z14",0.162628201468367,0.0208227799551095,"Rhizosphere",12
"TP12Z15",0.0539651273536499,0.106586669499063,"Rhizosphere",12
"TP12Z16",0.0977238059060949,0.141825709935654,"Rhizosphere",12
"TP12Z17",0.144202025472525,0.0908253707837875,"Rhizosphere",12
"TP12Z18",0.101797829503184,0.0589847597296369,"Rhizosphere",12
"TP12Z19",0.056623114952632,0.0190573641902589,"Rhizosphere",12
"TP12Z2",-0.0693932653383744,-0.0294026946063,"Rhizosphere",12
"TP12Z20",-0.0362898768730484,0.197172855954056,"Rhizosphere",12
"TP12Z21",0.132313966758325,0.120738360308315,"Rhizosphere",12
"TP12Z22",0.0862923036498682,0.255236200511153,"Rhizosphere",12
"TP12Z3",0.0639628641262334,0.253029188178366,"Rhizosphere",12
"TP12Z4",0.139188503444239,0.0386624411747767,"Rhizosphere",12
"TP12Z5",0.0955803468872838,0.0487833357245404,"Rhizosphere",12
"TP12Z6",0.11817518991704,-0.0559522806523635,"Rhizosphere",12
"TP13L01",-0.618715513864088,-0.0577954149991503,"Leaf",13
"TP13L02",-0.605641001060778,-0.0656887821149143,"Leaf",13
"TP13L03",-0.603740298994237,-0.0423777005929556,"Leaf",13
"TP13L04",-0.457706142698767,0.0142310685213257,"Leaf",13
"TP13L05",-0.578567831495108,-0.0441563976003702,"Leaf",13
"TP13L06",-0.563545442944226,-0.04918846153667,"Leaf",13
"TP13L11",-0.593418114026316,-0.0334129299892463,"Leaf",13
"TP13L12",-0.63174443320405,-0.0594662628422589,"Leaf",13
"TP13L13",-0.626778576690414,-0.0498407676975422,"Leaf",13
"TP13L14",-0.573116292751952,-0.0203476991195008,"Leaf",13
"TP13L15",-0.612102202903843,-0.0484515834808048,"Leaf",13
"TP13L16",-0.606000240267534,-0.0516920287085364,"Leaf",13
"TP13L17",-0.590486947896075,-0.0504263721461689,"Leaf",13
"TP13L18",-0.606362507830198,-0.0526479255233268,"Leaf",13
"TP13L19",-0.591100396640938,-0.0430501329869194,"Leaf",13
"TP13L20",-0.60183789363786,-0.0608219724199464,"Leaf",13
"TP13L21",-0.609495165907561,-0.0506354602764077,"Leaf",13
"TP13L22",-0.608327000486662,-0.0498674030051485,"Leaf",13
"TP13R1",-0.0487889047082039,0.303992279347725,"Root",13
"TP13R11",0.105785637554583,0.340375291003858,"Root",13
"TP13R12",0.11786109415936,0.357234160843095,"Root",13
"TP13R13",0.07101736370852,0.300049626740117,"Root",13
"TP13R14",0.128022962141289,0.308937454114608,"Root",13
"TP13R15",0.161707001064042,0.391325675626546,"Root",13
"TP13R16",0.16140181744061,0.417371003190814,"Root",13
"TP13R17",0.109412361377096,0.273538655761756,"Root",13
"TP13R18",0.0622580317819755,0.281024964955158,"Root",13
"TP13R19",0.0319867763143445,0.340895010609686,"Root",13
"TP13R2",0.0410864452185234,0.318432698872647,"Root",13
"TP13R20",0.144778584494739,0.368256123298268,"Root",13
"TP13R21",0.144966901834579,0.380168195733462,"Root",13
"TP13R22",0.192182707832193,0.414457366793917,"Root",13
"TP13R3",0.170342814457414,0.3550069058122,"Root",13
"TP13R4",0.0777280576325972,0.344410868234947,"Root",13
"TP13R5",0.0707324225664842,0.262046330210484,"Root",13
"TP13R6",0.0749864013902717,0.307657281231684,"Root",13
"TP13S1",-0.0247593699483033,-0.156902511372353,"Soil",13
"TP13S11",0.1555279146864,-0.212175790550996,"Soil",13
"TP13S12",-0.131986958092245,-0.18806750920545,"Soil",13
"TP13S13",0.126712966115249,-0.218543077624036,"Soil",13
"TP13S14",0.198528846633598,-0.169650272487087,"Soil",13
"TP13S15",0.13439548137515,-0.229476056505688,"Soil",13
"TP13S16",0.131374847127171,-0.25096022486823,"Soil",13
"TP13S17",0.203128905808073,-0.294824357433474,"Soil",13
"TP13S18",0.153370668197634,-0.191345265137052,"Soil",13
"TP13S19",0.102469727258932,-0.272027106115142,"Soil",13
"TP13S2",0.152874928990247,-0.19663699636005,"Soil",13
"TP13S20",-0.0101188998435015,-0.239030203446858,"Soil",13
"TP13S21",0.194077826309046,-0.217551861021702,"Soil",13
"TP13S22",0.0890038487339061,-0.194330212436472,"Soil",13
"TP13S3",0.195822319606201,-0.244022325231269,"Soil",13
"TP13S4",0.21044159625074,-0.229209962236767,"Soil",13
"TP13S5",0.196447067916501,-0.244421061676281,"Soil",13
"TP13S6",0.210783579107908,-0.257437435963665,"Soil",13
"TP13Z1",-0.0860853941642576,0.135703185659722,"Rhizosphere",13
"TP13Z11",-0.23555208296718,0.141094929929797,"Rhizosphere",13
"TP13Z12",-0.269717178569507,0.0624679709406493,"Rhizosphere",13
"TP13Z13",-0.0678527878268723,0.0750690848980395,"Rhizosphere",13
"TP13Z14",-0.0397751535826635,-0.00604166882610932,"Rhizosphere",13
"TP13Z15",0.0823975604101888,0.126712298113773,"Rhizosphere",13
"TP13Z16",0.169831403327668,0.236682687416832,"Rhizosphere",13
"TP13Z17",-0.0307704882790333,0.0485762232850599,"Rhizosphere",13
"TP13Z18",-0.0261930550924373,0.0012986680372576,"Rhizosphere",13
"TP13Z19",-0.213006615704001,0.0749377869181937,"Rhizosphere",13
"TP13Z2",-0.306556781159846,0.0488788827693717,"Rhizosphere",13
"TP13Z20",-0.253908288639284,0.153184121956208,"Rhizosphere",13
"TP13Z21",0.0538529340088357,0.0944117423558122,"Rhizosphere",13
"TP13Z22",0.0792305318203129,0.265286427336386,"Rhizosphere",13
"TP13Z3",0.0672946873871363,0.189747685574583,"Rhizosphere",13
"TP13Z4",-0.00673758913620255,0.0364691522028839,"Rhizosphere",13
"TP13Z5",-0.132298089016023,0.0904450018914768,"Rhizosphere",13
"TP13Z6",-0.0544843725871705,-0.0567774836194718,"Rhizosphere",13
"TP14L01",-0.607847274525699,-0.0479879469295481,"Leaf",14
"TP14L02",-0.57816140693469,-0.0302775476672151,"Leaf",14
"TP14L03",-0.619096378820615,-0.0198039678641055,"Leaf",14
"TP14L04",-0.611058687249824,-0.0493492897738377,"Leaf",14
"TP14L05",-0.599070628502408,-0.0474334957868155,"Leaf",14
"TP14L06",-0.566496421218852,-0.0297945232093153,"Leaf",14
"TP14L11",-0.624810399202533,-0.0513685145189198,"Leaf",14
"TP14L12",-0.63335841288227,-0.033824453048929,"Leaf",14
"TP14L13",-0.600757491752876,-0.0362281109243878,"Leaf",14
"TP14L14",-0.606028234288168,-0.0442156503669813,"Leaf",14
"TP14L15",-0.60117841180906,-0.0344311810319765,"Leaf",14
"TP14L16",-0.629539460382532,-0.0732609813493856,"Leaf",14
"TP14L17",-0.594580408960067,-0.0325549939440938,"Leaf",14
"TP14L18",-0.587673342641993,-0.0675083466739921,"Leaf",14
"TP14L19",-0.61855113195176,-0.0539350966458354,"Leaf",14
"TP14L20",-0.618376157349957,-0.0597450877337912,"Leaf",14
"TP14L21",-0.62049005602665,-0.0544229954368834,"Leaf",14
"TP14L22",-0.642090840970893,-0.0634907675196488,"Leaf",14
"TP14R1",0.106158056949907,0.310236337682441,"Root",14
"TP14R11",0.0541599920878355,0.290455262881629,"Root",14
"TP14R12",0.124215755101103,0.336531306148401,"Root",14
"TP14R13",0.102025790367675,0.323006594745216,"Root",14
"TP14R14",0.0683837032718372,0.266015507795128,"Root",14
"TP14R15",0.18201097842669,0.402989988324026,"Root",14
"TP14R16",0.194348513963798,0.362152438237048,"Root",14
"TP14R17Rt",0.0406633365084366,0.317794075075307,"Root",14
"TP14R18Rt",0.0118524637538624,0.357135302986318,"Root",14
"TP14R19Rt",0.129075694662071,0.167663849597367,"Root",14
"TP14R2",0.0980262584947246,0.315996310819557,"Root",14
"TP14R20Rt",0.124567885321597,0.25627193853863,"Root",14
"TP14R21",0.161852709984341,0.376089253621677,"Root",14
"TP14R22",0.190789607330181,0.330846620745202,"Root",14
"TP14R3",0.18287635778472,0.401138982336216,"Root",14
"TP14R4",0.177347156047688,0.336916217617073,"Root",14
"TP14R5",0.142390882418142,0.275174289437366,"Root",14
"TP14R6",0.108649257649638,0.270009552832767,"Root",14
"TP14S1",0.0703085131549083,-0.160841056753215,"Soil",14
"TP14S11",-0.00746405284425194,-0.275221272983108,"Soil",14
"TP14S12",0.112375731322595,-0.241255827507166,"Soil",14
"TP14S13",0.154813435451528,-0.224096838822822,"Soil",14
"TP14S14",0.1306349809054,-0.23070147131674,"Soil",14
"TP14S15",0.149709024514602,-0.237361066891226,"Soil",14
"TP14S16p",0.179321987593666,-0.245642285986926,"Soil",14
"TP14S17p",0.201929881727224,-0.252993700646466,"Soil",14
"TP14S18p",0.198201082403112,-0.264590826453959,"Soil",14
"TP14S19",0.0709134417627636,-0.251816745571971,"Soil",14
"TP14S2",0.168464838584106,-0.217620231353434,"Soil",14
"TP14S20",-0.135186853601355,-0.222461886088242,"Soil",14
"TP14S21",0.162415654749426,-0.173653420082197,"Soil",14
"TP14S22",-0.0465628175818976,-0.158854337118753,"Soil",14
"TP14S3",0.116483000074328,-0.220936577879308,"Soil",14
"TP14S4",0.16676350890957,-0.246662038034597,"Soil",14
"TP14S5",0.179164487982227,-0.149941582022561,"Soil",14
"TP14S6",0.151320808984853,-0.234470531619752,"Soil",14
"TP14Z1",-0.154310355530449,0.123372782152865,"Rhizosphere",14
"TP14Z11",-0.143672310893228,0.108670020173348,"Rhizosphere",14
"TP14Z12",-0.256030998493745,0.0684480251003547,"Rhizosphere",14
"TP14Z13",-0.173778339686859,0.0363927205529796,"Rhizosphere",14
"TP14Z14",-0.0554511136068833,0.0332611517090179,"Rhizosphere",14
"TP14Z15",0.0915476938815954,0.218864395608977,"Rhizosphere",14
"TP14Z16",0.0187613774534714,0.147022803906703,"Rhizosphere",14
"TP14Z17",0.0571129789719791,-0.0379493421405138,"Rhizosphere",14
"TP14Z18",-0.200357761913993,0.0800237817605818,"Rhizosphere",14
"TP14Z19",-0.333039975237507,0.0596972505323042,"Rhizosphere",14
"TP14Z2",-0.078634237785493,0.0129619536713537,"Rhizosphere",14
"TP14Z20",-0.115282977918189,0.0365931155193699,"Rhizosphere",14
"TP14Z21",-0.0796119756745521,0.102583461859203,"Rhizosphere",14
"TP14Z22",0.105103361895736,0.146735019688642,"Rhizosphere",14
"TP14Z3",0.0511391870953019,0.183078108139526,"Rhizosphere",14
"TP14Z4",-0.00225483829336152,0.13067480312352,"Rhizosphere",14
"TP14Z5",-0.0955416143762378,0.0209221559045562,"Rhizosphere",14
"TP14Z6",-0.0251205945988821,0.0795847707615379,"Rhizosphere",14
"TP15L01",-0.577542560831522,-3.79866925391077e-05,"Leaf",15
"TP15L02",-0.632150543225675,-0.0577866334802842,"Leaf",15
"TP15L03",-0.616011848070561,-0.0438188157626123,"Leaf",15
"TP15L04",-0.555966881571704,-0.0311913316393034,"Leaf",15
"TP15L05",-0.620557804651527,-0.0287851035433536,"Leaf",15
"TP15L06",-0.581215051189246,-0.0376474669957594,"Leaf",15
"TP15L11",-0.600778580821797,-0.0294095254866618,"Leaf",15
"TP15L12",-0.503731737001485,0.0185752617258666,"Leaf",15
"TP15L13",-0.626588505816485,-0.0605874999641378,"Leaf",15
"TP15L14",-0.583881471983887,-0.0201908086707803,"Leaf",15
"TP15L15",-0.604252464446636,-0.0279658782512204,"Leaf",15
"TP15L16",-0.621851731426448,-0.0749237155150623,"Leaf",15
"TP15L17",-0.574648622848405,0.0116516648395538,"Leaf",15
"TP15L18",-0.60903463770853,-0.0491552560314559,"Leaf",15
"TP15L19",-0.621606845985236,-0.0683410047040226,"Leaf",15
"TP15L20",-0.602650929481979,-0.056082064909575,"Leaf",15
"TP15L21",-0.632921734143548,-0.0448954157925851,"Leaf",15
"TP15L22",-0.598929326045041,-0.0606862579335426,"Leaf",15
"TP15R11",0.0631835477163941,0.326867767614315,"Root",15
"TP15R12",0.0506664742767381,0.346482174825636,"Root",15
"TP15R13",-0.00563506173207353,0.231194197605315,"Root",15
"TP15R14",-0.0367884979543438,0.2983056659525,"Root",15
"TP15R15",0.116003206153931,0.333615832887868,"Root",15
"TP15R16",0.144328390241742,0.379918211496367,"Root",15
"TP15R17",0.000422383215654921,0.282899387831524,"Root",15
"TP15R18",-0.014181687857353,0.280963092532704,"Root",15
"TP15R19",0.0869745868244515,0.356763383336191,"Root",15
"TP15R1t",0.0464343809051482,0.327807537874327,"Root",15
"TP15R2",-0.0147521176958933,0.333553388771844,"Root",15
"TP15R20",0.13594933028159,0.340127484190859,"Root",15
"TP15R21",0.129102216164789,0.342702054044101,"Root",15
"TP15R22",0.158708132829816,0.39303483308835,"Root",15
"TP15R3",0.136971223026367,0.355944153797837,"Root",15
"TP15R4",0.147598820881453,0.359202403081388,"Root",15
"TP15R5",0.0136567445236308,0.257046714535922,"Root",15
"TP15R6",0.10891284747827,0.326547814287411,"Root",15
"TP15S1",0.0655074460717742,-0.182936901757457,"Soil",15
"TP15S11",0.0695460210373561,-0.226942055036305,"Soil",15
"TP15S12t",0.0677033753225039,-0.249087745673352,"Soil",15
"TP15S13",0.0783661058710393,-0.240363121828155,"Soil",15
"TP15S14",0.153590718661078,-0.264745978092375,"Soil",15
"TP15S15",0.154025902193496,-0.206386375015805,"Soil",15
"TP15S16",0.157806695679741,-0.184062307038452,"Soil",15
"TP15S17",0.225127094901326,-0.28186708161786,"Soil",15
"TP15S18",0.179360425282007,-0.30011885265707,"Soil",15
"TP15S19",0.117592351496494,-0.305491855568023,"Soil",15
"TP15S2",0.0916139189466155,-0.244117961323513,"Soil",15
"TP15S20",0.0645264054100696,-0.290152763503326,"Soil",15
"TP15S21",0.191366745604491,-0.203486225141057,"Soil",15
"TP15S22",0.112187923719285,-0.211611515141151,"Soil",15
"TP15S3",0.111781501755132,-0.248547618571819,"Soil",15
"TP15S4",0.174192432438238,-0.225355082531395,"Soil",15
"TP15S5",0.169747527686624,-0.243883356492276,"Soil",15
"TP15S6",0.097037150877451,-0.225354099152994,"Soil",15
"TP15Z1",-0.276746456225774,0.0565082977155105,"Rhizosphere",15
"TP15Z11",-0.338855970001945,0.120814373404511,"Rhizosphere",15
"TP15Z12",-0.22781133913639,0.0205486554618954,"Rhizosphere",15
"TP15Z13",-0.209025833405154,0.11201746380982,"Rhizosphere",15
"TP15Z14",-0.146727366244246,0.083900433813691,"Rhizosphere",15
"TP15Z15",0.0216402573380703,0.21744194799314,"Rhizosphere",15
"TP15Z16",0.0780404363480228,0.182218287282232,"Rhizosphere",15
"TP15Z17",-0.151237755052053,0.0388331652908305,"Rhizosphere",15
"TP15Z18",-0.174231748584579,0.0455676186402148,"Rhizosphere",15
"TP15Z19",-0.217505976165986,0.0790744396017452,"Rhizosphere",15
"TP15Z2",-0.236862860179829,0.148349765683183,"Rhizosphere",15
"TP15Z20",-0.174294289164195,0.170248159707949,"Rhizosphere",15
"TP15Z21",-0.0549268046178582,0.174838438779545,"Rhizosphere",15
"TP15Z22",-0.113876063664577,0.240526905722485,"Rhizosphere",15
"TP15Z3",-0.0642387081193802,0.132178586801776,"Rhizosphere",15
"TP15Z4",-0.139916481631814,0.150639913599484,"Rhizosphere",15
"TP15Z5",-0.101148047795425,0.0857643745999645,"Rhizosphere",15
"TP15Z6",-0.0954685373972905,0.109744630716986,"Rhizosphere",15
"TP16L01",-0.621804000668239,-0.0498710483446003,"Leaf",16
"TP16L02",-0.577391196053527,-0.0329840655809726,"Leaf",16
"TP16L03",-0.575685086060873,-0.0390206720727067,"Leaf",16
"TP16L04",-0.620463866894616,-0.0610193686938563,"Leaf",16
"TP16L05",-0.592816588936988,-0.030630685599919,"Leaf",16
"TP16L06",-0.622047343878392,-0.0411286196913843,"Leaf",16
"TP16L11",-0.605734250841007,-0.0532885062252327,"Leaf",16
"TP16L12",-0.606634136909228,-0.0241116123055321,"Leaf",16
"TP16L13",-0.616647849545041,-0.0425189843994779,"Leaf",16
"TP16L14",-0.623970889499756,-0.05921639637517,"Leaf",16
"TP16L15",-0.630138342763932,-0.0554324289179585,"Leaf",16
"TP16L16",-0.623854515529982,-0.0694571220136836,"Leaf",16
"TP16L17",-0.62171814402529,-0.0491300164647274,"Leaf",16
"TP16L18",-0.630203691077981,-0.0353679223289331,"Leaf",16
"TP16L19",-0.618281658952134,-0.0530499463153209,"Leaf",16
"TP16L20",-0.573458668674927,-0.034456045823949,"Leaf",16
"TP16L21",-0.638115448734233,-0.0534764642387978,"Leaf",16
"TP16L22",-0.640428283122367,-0.0512760995356779,"Leaf",16
"TP16R1",0.0620485250856751,0.288721052369991,"Root",16
"TP16R11",0.0687813318665945,0.338046600625125,"Root",16
"TP16R12",0.0715839575255046,0.329227161436056,"Root",16
"TP16R13",0.0265527415721002,0.232576458824938,"Root",16
"TP16R14",0.179754319689796,0.289675481585358,"Root",16
"TP16R15",0.192674286468807,0.344177911022814,"Root",16
"TP16R16",0.193722682422008,0.36666222267913,"Root",16
"TP16R17",0.0848359026563417,0.246600518738257,"Root",16
"TP16R18",0.0624903896650192,0.309610075725632,"Root",16
"TP16R19",0.0716738711524736,0.302279166382788,"Root",16
"TP16R2",0.0595511184025713,0.320444718989096,"Root",16
"TP16R20",0.0304843956871711,0.335847135963661,"Root",16
"TP16R21",0.11418929705314,0.347099652406247,"Root",16
"TP16R22",0.208163363033412,0.347906700129178,"Root",16
"TP16R3",0.170851109565038,0.388066888893872,"Root",16
"TP16R4a",0.184266447750241,0.344210812986341,"Root",16
"TP16R5",0.131718248374303,0.31273928029791,"Root",16
"TP16R6",0.0399199334529892,0.201443539151517,"Root",16
"TP16S1",-0.0177208496969777,-0.031068052264849,"Soil",16
"TP16S11",0.0702997922934103,-0.229607904469899,"Soil",16
"TP16S12",-0.0489243848287894,-0.244138210240599,"Soil",16
"TP16S13",0.165950847014059,-0.198678875612509,"Soil",16
"TP16S14",0.188242718401957,-0.253601156740896,"Soil",16
"TP16S15",0.172843358434543,-0.260865642597139,"Soil",16
"TP16S16",0.135552509413725,-0.188750089342136,"Soil",16
"TP16S17a",0.0963501112355459,0.108358419888415,"Soil",16
"TP16S18",0.13244775812693,-0.298929164742804,"Soil",16
"TP16S19",0.0703572050627097,-0.277527171355528,"Soil",16
"TP16S2",0.0455827488796351,-0.0605744632205069,"Soil",16
"TP16S20",0.047776491324541,-0.290273242053353,"Soil",16
"TP16S21",0.182904041051041,-0.213610844675033,"Soil",16
"TP16S22",0.103057033012546,-0.204066209927098,"Soil",16
"TP16S3",0.159888301539529,-0.109384496015652,"Soil",16
"TP16S4",0.16834177333154,-0.0749855404991638,"Soil",16
"TP16S5",0.171648233792077,-0.237346300254817,"Soil",16
"TP16S6",0.184658831781502,-0.249015742994509,"Soil",16
"TP16Z1",-0.188303696017093,0.0153999114514955,"Rhizosphere",16
"TP16Z11",-0.153364500353407,0.080414752387622,"Rhizosphere",16
"TP16Z12",-0.18542356011504,0.0840467431251707,"Rhizosphere",16
"TP16Z13",-0.175922568191504,-0.00924562453310793,"Rhizosphere",16
"TP16Z14",-0.149987843514015,0.0527054130501191,"Rhizosphere",16
"TP16Z15",0.113784406542311,0.0707454099252204,"Rhizosphere",16
"TP16Z16",0.0811881276050747,0.133099925367062,"Rhizosphere",16
"TP16Z17",-0.0245285969820121,0.0316769914385417,"Rhizosphere",16
"TP16Z18",0.0570111924392905,0.0345121508285682,"Rhizosphere",16
"TP16Z19",-0.104342365124085,-5.82863648455852e-05,"Rhizosphere",16
"TP16Z2",-0.300108596554371,0.0122870454792786,"Rhizosphere",16
"TP16Z20",-0.0857283888812872,0.00706941111449004,"Rhizosphere",16
"TP16Z21",0.0349141798483448,0.124825457990458,"Rhizosphere",16
"TP16Z22",0.0763492736426683,0.136367500464697,"Rhizosphere",16
"TP16Z3",0.157210739016482,0.0847874723997009,"Rhizosphere",16
"TP16Z4",0.139458372164421,-0.0355704534647781,"Rhizosphere",16
"TP16Z5",-0.0603576021987541,0.0241707736228373,"Rhizosphere",16
"TP16Z6",-0.160082544383504,-0.0101672955890208,"Rhizosphere",16
"TP17L01",-0.616746518604615,-0.0600318968963735,"Leaf",17
"TP17L02",-0.624119472461992,-0.0649193822786212,"Leaf",17
"TP17L03",-0.607974756183759,-0.0222598397092096,"Leaf",17
"TP17L04",-0.625576608265537,-0.0269616424863369,"Leaf",17
"TP17L05",-0.618286760367794,-0.068795265492255,"Leaf",17
"TP17L06",-0.624586402459214,-0.0459653914670909,"Leaf",17
"TP17L11",-0.630118619674258,-0.0627138211841293,"Leaf",17
"TP17L12",-0.638581052605413,-0.0608023700695736,"Leaf",17
"TP17L13",-0.632414446820877,-0.0619550876756997,"Leaf",17
"TP17L14",-0.539024263190272,0.0678752926487116,"Leaf",17
"TP17L15",-0.595593275743929,-0.049679097441336,"Leaf",17
"TP17L16",-0.625468257959923,-0.0543065253599379,"Leaf",17
"TP17L17",-0.577592405445775,0.0113810130997576,"Leaf",17
"TP17L18",-0.618280286047234,-0.0479007621634114,"Leaf",17
"TP17L19",-0.616057765393857,-0.0609875565615124,"Leaf",17
"TP17L20",-0.629410331434324,-0.0569434965805523,"Leaf",17
"TP17L21",-0.608012029007166,-0.0318596101806775,"Leaf",17
"TP17L22",-0.631603557763041,-0.0521996057984304,"Leaf",17
"TP17R1",0.0780966420193609,0.311539091695473,"Root",17
"TP17R11",0.0343783915172856,0.294574959713491,"Root",17
"TP17R12",0.0502865908585686,0.318380533703047,"Root",17
"TP17R13",-0.00798916747456184,0.290085641780884,"Root",17
"TP17R14",0.181513917320087,0.299003270287353,"Root",17
"TP17R15",0.187873709991292,0.365594950141045,"Root",17
"TP17R16",0.148600435205835,0.405707963880321,"Root",17
"TP17R17",0.0697552042810837,0.262506151381315,"Root",17
"TP17R18",0.0129539341475038,0.332126526362563,"Root",17
"TP17R19",-0.0492758487625678,0.306939753638723,"Root",17
"TP17R2",-0.0067396707008049,0.297491268029981,"Root",17
"TP17R20",0.124450252397148,0.324405518550469,"Root",17
"TP17R21",0.212901377438017,0.345075941319713,"Root",17
"TP17R22",0.14959153760562,0.395838072932888,"Root",17
"TP17R3",0.164737065625875,0.356580768399642,"Root",17
"TP17R4",0.199688170246483,0.356372787853942,"Root",17
"TP17R5",0.120150086650654,0.325758560606324,"Root",17
"TP17R6",0.119215200326812,0.277402814730554,"Root",17
"TP17S1",0.0678641952260645,-0.202085498500282,"Soil",17
"TP17S11",-0.00772913732818745,-0.218076721657379,"Soil",17
"TP17S12",-0.172343126283169,-0.119932945734865,"Soil",17
"TP17S13",0.083167970994557,-0.116850394238133,"Soil",17
"TP17S14",0.0951092159037178,-0.187556499262719,"Soil",17
"TP17S15",0.104513003003672,-0.176696977923685,"Soil",17
"TP17S16t",0.130092743474119,-0.136080511348076,"Soil",17
"TP17S17",0.109889229261682,-0.222801044711173,"Soil",17
"TP17S18",0.112603113839576,-0.194618054184475,"Soil",17
"TP17S19",0.0276788180583685,-0.206929528502454,"Soil",17
"TP17S2",0.10015648917326,-0.223745861171118,"Soil",17
"TP17S20",-0.134423893220211,-0.165476339350577,"Soil",17
"TP17S21",0.0880831750803564,-0.208545114847264,"Soil",17
"TP17S22",-0.17746761834967,-0.113527324184434,"Soil",17
"TP17S3",0.0108378522507403,-0.167090696587184,"Soil",17
"TP17S4",0.0847896509885203,-0.196028067895503,"Soil",17
"TP17S5",0.0605078494894893,-0.195530010569483,"Soil",17
"TP17S6",0.0381239423964262,-0.186361858456841,"Soil",17
"TP17Z1",-0.199260315377771,0.122590955132659,"Rhizosphere",17
"TP17Z11",-0.263895545917243,0.0481804221717731,"Rhizosphere",17
"TP17Z12",-0.338549905144079,0.0640589283165056,"Rhizosphere",17
"TP17Z13",-0.25432347708952,0.100607452653264,"Rhizosphere",17
"TP17Z14",-0.060078332634468,0.0691751777911206,"Rhizosphere",17
"TP17Z15",0.00124212050090418,0.12433476832922,"Rhizosphere",17
"TP17Z16",0.106300879873479,0.170678969366935,"Rhizosphere",17
"TP17Z17",-0.100685179453608,0.0111787812324071,"Rhizosphere",17
"TP17Z18",-0.21598684475692,0.0245756098048549,"Rhizosphere",17
"TP17Z19",-0.247126956306318,0.0524855058114374,"Rhizosphere",17
"TP17Z2",-0.113083381603698,0.10764195766159,"Rhizosphere",17
"TP17Z20",-0.21406549225236,0.0469494288498439,"Rhizosphere",17
"TP17Z21t",0.0950761892311943,0.120226807753463,"Rhizosphere",17
"TP17Z22",-0.14961627910924,0.22098135080654,"Rhizosphere",17
"TP17Z3",-0.0503596416640542,0.140710838873657,"Rhizosphere",17
"TP17Z4",-0.0684805877268973,0.101772248156885,"Rhizosphere",17
"TP17Z5",-0.0993067613299028,0.041509465635679,"Rhizosphere",17
"TP17Z6",-0.159842725253561,0.0424174331155191,"Rhizosphere",17
